name,check,lowest_price,date_checked,image_url
Dragon Charm,,110000.0,2025-07-09,https://api-static.msu.io/itemimages/icon/1162043.png
Rat Charm,,113333.0,2025-07-09,https://api-static.msu.io/itemimages/icon/1162040.png
Snake Charm,,116712.0,2025-07-09,https://api-static.msu.io/itemimages/icon/1162042.png
Monkey Charm,,118774.0,2025-07-09,https://api-static.msu.io/itemimages/icon/1162041.png
ES Square,,126666.0,2025-07-09,https://api-static.msu.io/itemimages/icon/1162013.png
Chicken Charm,,128883.0,2025-07-09,https://api-static.msu.io/itemimages/icon/1162039.png
Red Rose Chat Ring,,138888.0,2025-07-09,https://api-static.msu.io/itemimages/icon/1112252.png
Dog Charm,,146666.0,2025-07-09,https://api-static.msu.io/itemimages/icon/1162044.png
Pig Charm,,149000.0,2025-07-09,https://api-static.msu.io/itemimages/icon/1162045.png
Red Rose Label Ring,,150000.0,2025-07-09,https://api-static.msu.io/itemimages/icon/1112141.png
Mighty Banana Chat Ring,,158888.0,2025-07-09,https://api-static.msu.io/itemimages/icon/1115018.png
Mad Mage Gloves,,165271.94999999998,2025-07-09,https://api-static.msu.io/itemimages/icon/1082750.png
Galactic Flame Cape,,168887.0,2025-07-09,https://api-static.msu.io/itemimages/icon/1102202.png
Galactic Hero Suit,,170000.0,2025-07-09,https://api-static.msu.io/itemimages/icon/1052182.png
Newspaper Cape,,170000.0,2025-07-09,https://api-static.msu.io/itemimages/icon/1102076.png
White High Top,,178888.0,2025-07-09,https://api-static.msu.io/itemimages/icon/1071026.png
Creepy Shoes,,179000.0,2025-07-09,https://api-static.msu.io/itemimages/icon/1073815.png
Rose,,180000.0,2025-07-09,https://api-static.msu.io/itemimages/icon/1012006.png
Gelimer Chat Ring,,185000.0,2025-07-09,https://api-static.msu.io/itemimages/icon/1115431.png
M-Forcer Gloves,,185000.0,2025-07-09,https://api-static.msu.io/itemimages/icon/1082124.png
Military Pop Star,,185000.0,2025-07-09,https://api-static.msu.io/itemimages/icon/1050190.png
Pierre Hat,,186666.0,2025-07-09,https://api-static.msu.io/itemimages/icon/1003715.png
Vellum's Helm,,187000.0,2025-07-09,https://api-static.msu.io/itemimages/icon/1003718.png
Pirate Emblem Flag,,188888.0,2025-07-09,https://api-static.msu.io/itemimages/icon/1102152.png
Rex's Hyena,,188888.0,2025-07-09,https://api-static.msu.io/itemimages/icon/3140306.png
Ribbon Frilled top,,188888.0,2025-07-09,https://api-static.msu.io/itemimages/icon/1041142.png
Creepy Skull,,189499.95,2025-07-09,https://api-static.msu.io/itemimages/icon/1006370.png
Pink Shock Pop Star,,189998.0,2025-07-09,https://api-static.msu.io/itemimages/icon/1051232.png
Flying Battle Chair,,189999.0,2025-07-09,https://api-static.msu.io/itemimages/icon/3140065.png
Blue Nightmare Suit,,189999.0,2025-07-09,https://api-static.msu.io/itemimages/icon/1050569.png
Ragged Top,,190000.0,2025-07-09,https://api-static.msu.io/itemimages/icon/1040119.png
Von Bon Helmet,,190000.0,2025-07-09,https://api-static.msu.io/itemimages/icon/1003716.png
Queen's Tiara,,190000.0,2025-07-09,https://api-static.msu.io/itemimages/icon/1003717.png
White M-Forcer Outfit,,190000.0,2025-07-09,https://api-static.msu.io/itemimages/icon/1053147.png
M-Forcer Boots,,190000.0,2025-07-09,https://api-static.msu.io/itemimages/icon/1072202.png
Spooky Skull,,190000.0,2025-07-09,https://api-static.msu.io/itemimages/icon/1006371.png
Elite Knight Boots,,192000.0,2025-07-09,https://api-static.msu.io/itemimages/icon/1073740.png
Moon Bunny Paws,,198000.0,2025-07-09,https://api-static.msu.io/itemimages/icon/1072274.png
Maple Momentree Crown A,,198000.0,2025-07-09,https://api-static.msu.io/itemimages/icon/1000120.png
Kritias Damage Skin,,198000.0,2025-07-09,https://api-static.msu.io/itemimages/icon/3135001.png
Neckerchief Fascinator (Ivory),,198561.0,2025-07-09,https://api-static.msu.io/itemimages/icon/1005287.png
Golden Shoes,,198777.0,2025-07-09,https://api-static.msu.io/itemimages/icon/1072280.png
Spooky Soul,,198800.0,2025-07-09,https://api-static.msu.io/itemimages/icon/1051793.png
Blue Nightmare Dress,,198888.0,2025-07-09,https://api-static.msu.io/itemimages/icon/1051641.png
Mu Lung Scarecrow Chair,,198888.0,2025-07-09,https://api-static.msu.io/itemimages/icon/3015241.png
Voltarix Gloves,,198999.0,2025-07-09,https://api-static.msu.io/itemimages/icon/1082795.png
Mighty Banana Label Ring,,199000.0,2025-07-09,https://api-static.msu.io/itemimages/icon/1115105.png
Ghost Suit,,199000.0,2025-07-09,https://api-static.msu.io/itemimages/icon/1051076.png
Silver Fox Tail,,199676.0,2025-07-09,https://api-static.msu.io/itemimages/icon/1102188.png
Super Scribbler,,199900.0,2025-07-09,https://api-static.msu.io/itemimages/icon/1702952.png
Zakum's Poisonic Two-handed Axe,,199990.00000000003,2025-07-09,https://api-static.msu.io/itemimages/icon/1412161.png
Zakum's Poisonic Axe,,199999.0,2025-07-09,https://api-static.msu.io/itemimages/icon/1312182.png
Gothic Headband,,199999.0,2025-07-09,https://api-static.msu.io/itemimages/icon/1001049.png
Colorful Camo Beanie,,199999.0,2025-07-09,https://api-static.msu.io/itemimages/icon/1006468.png
Steak Outfit,,200000.0,2025-07-09,https://api-static.msu.io/itemimages/icon/1053946.png
Mercury Leather Jacket B,,200000.0,2025-07-09,https://api-static.msu.io/itemimages/icon/1041139.png
Paper Boat Hat,,200000.0,2025-07-09,https://api-static.msu.io/itemimages/icon/1002523.png
Voltarix Hat,,200000.0,2025-07-09,https://api-static.msu.io/itemimages/icon/1006348.png
Mystic Rose Feather,,200000.0,2025-07-09,https://api-static.msu.io/itemimages/icon/1000132.png
Dragonoir Mount,,200000.0,2025-07-09,https://api-static.msu.io/itemimages/icon/3140040.png
Waterworks Cape,,200000.0,2025-07-09,https://api-static.msu.io/itemimages/icon/1102143.png
Hoya T-shirt,,200000.0,2025-07-09,https://api-static.msu.io/itemimages/icon/1042351.png
Voltarix Suit,,200000.0,2025-07-09,https://api-static.msu.io/itemimages/icon/1054061.png
Pollo Mask,,200000.0,2025-07-09,https://api-static.msu.io/itemimages/icon/1005630.png
Basic Mask,,200000.0,2025-07-09,https://api-static.msu.io/itemimages/icon/1022330.png
Red Pre-School Hat,,200000.0,2025-07-09,https://api-static.msu.io/itemimages/icon/1002191.png
Zakum's Poisonic Hammer,,200000.0,2025-07-09,https://api-static.msu.io/itemimages/icon/1322233.png
Zakum's Poisonic Polearm,,200000.0,2025-07-09,https://api-static.msu.io/itemimages/icon/1442251.png
Voltarix Wings,,205000.0,2025-07-09,https://api-static.msu.io/itemimages/icon/1103634.png
Commander Magnus Mask,,205000.0,2025-07-09,https://api-static.msu.io/itemimages/icon/1004143.png
Chicken Glovaroo,,205000.0,2025-07-09,https://api-static.msu.io/itemimages/icon/1082549.png
Emerald Pin,,208888.0,2025-07-09,https://api-static.msu.io/itemimages/icon/1006571.png
Blue Nightmare Shoes,,209652.0,2025-07-09,https://api-static.msu.io/itemimages/icon/1073488.png
Blue Nightmare Hairpin,,209659.00000000003,2025-07-09,https://api-static.msu.io/itemimages/icon/1005648.png
Grand Master Uniform,,209779.0,2025-07-09,https://api-static.msu.io/itemimages/icon/1053545.png
Tania Tartan Pants,,209999.0,2025-07-09,https://api-static.msu.io/itemimages/icon/1060120.png
Royal Mystic Shoes,,209999.0,2025-07-09,https://api-static.msu.io/itemimages/icon/1073807.png
Skull Shirt,,210000.0,2025-07-09,https://api-static.msu.io/itemimages/icon/1042087.png
Sweet Snake,,210000.0,2025-07-09,https://api-static.msu.io/itemimages/icon/1702476.png
Strawberry Shoes A,,210000.0,2025-07-09,https://api-static.msu.io/itemimages/icon/1070165.png
Goatee,,210000.0,2025-07-09,https://api-static.msu.io/itemimages/icon/1010001.png
Shining Magic,,210000.0,2025-07-09,https://api-static.msu.io/itemimages/icon/1071204.png
White M-Forcer Helmet,,210000.0,2025-07-09,https://api-static.msu.io/itemimages/icon/1004935.png
Tania Tailored Jacket,,211110.0,2025-07-09,https://api-static.msu.io/itemimages/icon/1040137.png
Zakum's Poisonic Sword,,211111.0,2025-07-09,https://api-static.msu.io/itemimages/icon/1302312.png
Gladiator Cape,,211111.0,2025-07-09,https://api-static.msu.io/itemimages/icon/1102923.png
Hilla Snowfield Mount,,212000.0,2025-07-09,https://api-static.msu.io/itemimages/icon/3140083.png
Snake High-tops,,213900.0,2025-07-09,https://api-static.msu.io/itemimages/icon/1072889.png
Hoya Hat,,214000.0,2025-07-09,https://api-static.msu.io/itemimages/icon/1004558.png
Gladiator Helmet,,215000.0,2025-07-09,https://api-static.msu.io/itemimages/icon/1004747.png
Mummy Mask,,216666.0,2025-07-09,https://api-static.msu.io/itemimages/icon/1012044.png
Night Hat,,216666.0,2025-07-09,https://api-static.msu.io/itemimages/icon/1000105.png
Jailbird Cap,,217000.0,2025-07-09,https://api-static.msu.io/itemimages/icon/1005167.png
Neckerchief Fascinator (Purple),,218000.0,2025-07-09,https://api-static.msu.io/itemimages/icon/1005285.png
Harp Seal Doll Outfit,,218880.0,2025-07-09,https://api-static.msu.io/itemimages/icon/1052587.png
Mercury Leather Jacket A,,219000.0,2025-07-09,https://api-static.msu.io/itemimages/icon/1040138.png
Veamoth Armor,,219999.0,2025-07-09,https://api-static.msu.io/itemimages/icon/1052092.png
Veamoth Shoes,,219999.0,2025-07-09,https://api-static.msu.io/itemimages/icon/1072282.png
Royal Mystic Cape,,220000.0,2025-07-09,https://api-static.msu.io/itemimages/icon/1103648.png
Zakum's Poisonic Spear,,220000.0,2025-07-09,https://api-static.msu.io/itemimages/icon/1432197.png
Lady Rosalia,,220000.0,2025-07-09,https://api-static.msu.io/itemimages/icon/1051411.png
Magnus Face,,220000.0,2025-07-09,https://api-static.msu.io/itemimages/icon/1790225.png
Golden Armor,,220000.0,2025-07-09,https://api-static.msu.io/itemimages/icon/1052084.png
Denim Cargos,,220000.0,2025-07-09,https://api-static.msu.io/itemimages/icon/1062041.png
Galactic Guardian,,220000.0,2025-07-09,https://api-static.msu.io/itemimages/icon/1006379.png
Strawberry Outfit A,,221000.0,2025-07-09,https://api-static.msu.io/itemimages/icon/1051769.png
Cotton Bell,,222110.0,2025-07-09,https://api-static.msu.io/itemimages/icon/1005483.png
Zakum's Tree Branch,,222221.0,2025-07-09,https://api-static.msu.io/itemimages/icon/1372049.png
Twinkling Girl Hat,,222222.0,2025-07-09,https://api-static.msu.io/itemimages/icon/1001064.png
Jailbreak Spoon,,222222.0,2025-07-09,https://api-static.msu.io/itemimages/icon/1702838.png
Royal Mystic Uniform B,,222222.0,2025-07-09,https://api-static.msu.io/itemimages/icon/1050722.png
Fluid Gloves,,222222.0,2025-07-09,https://api-static.msu.io/itemimages/icon/1082796.png
Von Bon's Von Chair,,222222.0,2025-07-09,https://api-static.msu.io/itemimages/icon/3010512.png
Tania Tartan Skirt,,222222.0,2025-07-09,https://api-static.msu.io/itemimages/icon/1061141.png
Maple Momentree Robe A,,222222.0,2025-07-09,https://api-static.msu.io/itemimages/icon/1050644.png
Pink Bean Tail,,222887.0,2025-07-09,https://api-static.msu.io/itemimages/icon/1103234.png
Kitty Paint,,223000.0,2025-07-09,https://api-static.msu.io/itemimages/icon/1012063.png
Raiden Gloves,,225000.0,2025-07-09,https://api-static.msu.io/itemimages/icon/1082793.png
Night Magician Label Ring,,225000.0,2025-07-09,https://api-static.msu.io/itemimages/icon/1115177.png
Commander Hilla Mask,,225000.0,2025-07-09,https://api-static.msu.io/itemimages/icon/1004148.png
Strawberry Outfit B,,226000.0,2025-07-09,https://api-static.msu.io/itemimages/icon/1050696.png
Ludibrium Chair,,226999.0,2025-07-09,https://api-static.msu.io/itemimages/icon/3018790.png
Golden Bell Shoes,,228880.0,2025-07-09,https://api-static.msu.io/itemimages/icon/1072821.png
Gentle Dylan,,229000.00000000003,2025-07-09,https://api-static.msu.io/itemimages/icon/1050343.png
Odette Ballet Slippers,,229988.00000000003,2025-07-09,https://api-static.msu.io/itemimages/icon/1072857.png
Twinkling Boy Hat,,229999.0,2025-07-09,https://api-static.msu.io/itemimages/icon/1000044.png
Odette Tutu,,229999.0,2025-07-09,https://api-static.msu.io/itemimages/icon/1051374.png
Commander Von Leon Mask,,230000.0,2025-07-09,https://api-static.msu.io/itemimages/icon/1004144.png
Spring Camping Outfit A,,230000.0,2025-07-09,https://api-static.msu.io/itemimages/icon/1051777.png
Balrog Chair,,230000.0,2025-07-09,https://api-static.msu.io/itemimages/icon/3015521.png
Gentleman's Mustache,,230000.0,2025-07-09,https://api-static.msu.io/itemimages/icon/1012024.png
Neo Castle Accessory,,230000.0,2025-07-09,https://api-static.msu.io/itemimages/icon/1005700.png
Moon Bunny Costume,,230000.0,2025-07-09,https://api-static.msu.io/itemimages/icon/1052077.png
Gothic Mini Hat,,230000.0,2025-07-09,https://api-static.msu.io/itemimages/icon/1001048.png
Marron Glace A,,230000.0,2025-07-09,https://api-static.msu.io/itemimages/icon/1050533.png
Frankenbalrog Chair,,230000.0,2025-07-09,https://api-static.msu.io/itemimages/icon/3015521.png
Pre-School Uniform Top A,,230000.0,2025-07-09,https://api-static.msu.io/itemimages/icon/1040078.png
Emerald Ribbon,,233233.0,2025-07-09,https://api-static.msu.io/itemimages/icon/1006572.png
Night Magician B,,233332.0,2025-07-09,https://api-static.msu.io/itemimages/icon/1051603.png
Tania Cloak,,233333.0,2025-07-09,https://api-static.msu.io/itemimages/icon/1102148.png
Soul Teddy Chair,,233333.0,2025-07-09,https://api-static.msu.io/itemimages/icon/3010537.png
Moon Bunny Headgear,,234999.0,2025-07-09,https://api-static.msu.io/itemimages/icon/1002552.png
Neo Castle Shoes,,235000.0,2025-07-09,https://api-static.msu.io/itemimages/icon/1073507.png
Tania Gloves,,235000.0,2025-07-09,https://api-static.msu.io/itemimages/icon/1082224.png
Giant Pop with a Swirl,,235000.0,2025-07-09,https://api-static.msu.io/itemimages/icon/1702182.png
Attitude Ribbon,,235000.0,2025-07-09,https://api-static.msu.io/itemimages/icon/1001129.png
Black Scooter,,235000.0,2025-07-09,https://api-static.msu.io/itemimages/icon/3140201.png
Spooky Shoes B,,236759.0,2025-07-09,https://api-static.msu.io/itemimages/icon/1071190.png
Yeti,,237999.0,2025-07-09,https://api-static.msu.io/itemimages/icon/3140017.png
Space Pirate Helmet,,238000.0,2025-07-09,https://api-static.msu.io/itemimages/icon/1006238.png
Gothic Overall,,238000.0,2025-07-09,https://api-static.msu.io/itemimages/icon/1051163.png
Little Darling Shoes B,,238000.0,2025-07-09,https://api-static.msu.io/itemimages/icon/1071116.png
Yeti Dungarees,,238888.0,2025-07-09,https://api-static.msu.io/itemimages/icon/1053500.png
Spring Camping Outfit B,,239000.0,2025-07-09,https://api-static.msu.io/itemimages/icon/1050704.png
Ball and Chain,,239000.0,2025-07-09,https://api-static.msu.io/itemimages/icon/1073282.png
Neo Castle Suit,,239500.0,2025-07-09,https://api-static.msu.io/itemimages/icon/1050573.png
Hekaton's Rest,,239759.0,2025-07-09,https://api-static.msu.io/itemimages/icon/3010678.png
Pyramid Chair,,239988.0,2025-07-09,https://api-static.msu.io/itemimages/icon/3010743.png
Creepy Soul,,239998.0,2025-07-09,https://api-static.msu.io/itemimages/icon/1054086.png
Golden Trench Helmet,,239999.0,2025-07-09,https://api-static.msu.io/itemimages/icon/1002599.png
Gargoyle,,239999.0,2025-07-09,https://api-static.msu.io/itemimages/icon/3140068.png
M-Force Chair,,239999.0,2025-07-09,https://api-static.msu.io/itemimages/icon/3015791.png
Honeybee Suit,,239999.0,2025-07-09,https://api-static.msu.io/itemimages/icon/1052417.png
Maple Momentree Shoes A,,240000.0,2025-07-09,https://api-static.msu.io/itemimages/icon/1070146.png
Large Fork,,240000.0,2025-07-09,https://api-static.msu.io/itemimages/icon/1703309.png
Ignis Suit,,240000.0,2025-07-09,https://api-static.msu.io/itemimages/icon/1054063.png
Puppet Strings,,240000.0,2025-07-09,https://api-static.msu.io/itemimages/icon/1102157.png
Sage Training Hat,,240000.0,2025-07-09,https://api-static.msu.io/itemimages/icon/1005575.png
Raiden Hat,,240000.0,2025-07-09,https://api-static.msu.io/itemimages/icon/1006346.png
Veamoth Wig A,,240000.0,2025-07-09,https://api-static.msu.io/itemimages/icon/1000031.png
Gelimer Label Ring,,240000.0,2025-07-09,https://api-static.msu.io/itemimages/icon/1115533.png
Kiss Mark,,242222.0,2025-07-09,https://api-static.msu.io/itemimages/icon/1012009.png
Maple Momentree Wings,,242222.0,2025-07-09,https://api-static.msu.io/itemimages/icon/1103461.png
Neon Green Boots,,242999.0,2025-07-09,https://api-static.msu.io/itemimages/icon/1073878.png
Pre-School Pants,,244000.0,2025-07-09,https://api-static.msu.io/itemimages/icon/1060067.png
Maple Momentree Crown B,,244279.0,2025-07-09,https://api-static.msu.io/itemimages/icon/1001145.png
Zakum's Poisonic Sledgehammer,,244999.0,2025-07-09,https://api-static.msu.io/itemimages/icon/1422168.png
Spring Camping Hat,,245000.00000000003,2025-07-09,https://api-static.msu.io/itemimages/icon/1006253.png
Ghost Groom Tuxedo,,245000.00000000003,2025-07-09,https://api-static.msu.io/itemimages/icon/1050724.png
Pink Bean Dungarees,,246499.95,2025-07-09,https://api-static.msu.io/itemimages/icon/1053499.png
Ghost Groom Shoes,,247800.0,2025-07-09,https://api-static.msu.io/itemimages/icon/1070172.png
Beach Party Slippers,,247822.0,2025-07-09,https://api-static.msu.io/itemimages/icon/1073668.png
Purple Shoes,,248000.00000000003,2025-07-09,https://api-static.msu.io/itemimages/icon/1073418.png
Crimson Queen's Throne,,248000.00000000003,2025-07-09,https://api-static.msu.io/itemimages/icon/3010514.png
Mush Ado About Nothing Chair,,249000.0,2025-07-09,https://api-static.msu.io/itemimages/icon/3015613.png
Night Magician Chat Ring,,249000.0,2025-07-09,https://api-static.msu.io/itemimages/icon/1115088.png
Fluid Suit,,249000.0,2025-07-09,https://api-static.msu.io/itemimages/icon/1054062.png
Happy Pierre Chair,,249998.0,2025-07-09,https://api-static.msu.io/itemimages/icon/3010513.png
Odette Tiara,,249999.0,2025-07-09,https://api-static.msu.io/itemimages/icon/1003951.png
Party Quest Damage Skin,,249999.0,2025-07-09,https://api-static.msu.io/itemimages/icon/3135154.png
Emerald Glow,,249999.0,2025-07-09,https://api-static.msu.io/itemimages/icon/1073972.png
Veamoth Label Ring,,249999.0,2025-07-09,https://api-static.msu.io/itemimages/icon/1115305.png
Starlight Wings,,249999.0,2025-07-09,https://api-static.msu.io/itemimages/icon/1003865.png
Necromancer Chaser Hat,,249999.0,2025-07-09,https://api-static.msu.io/itemimages/icon/1004217.png
Zakum Arms,,249999.0,2025-07-09,https://api-static.msu.io/itemimages/icon/1102154.png
Magic Crest,,249999.0,2025-07-09,https://api-static.msu.io/itemimages/icon/1702953.png
Pink Teddy Outfit,,250000.0,2025-07-09,https://api-static.msu.io/itemimages/icon/1054080.png
Pre-School Uniform Top B,,250000.0,2025-07-09,https://api-static.msu.io/itemimages/icon/1041073.png
Elite Knight Hat,,250000.0,2025-07-09,https://api-static.msu.io/itemimages/icon/1006195.png
Teddy's Winder,,250000.0,2025-07-09,https://api-static.msu.io/itemimages/icon/1103650.png
Construction Hardhat,,250000.0,2025-07-09,https://api-static.msu.io/itemimages/icon/1002238.png
Monster Park Damage Skin,,250000.0,2025-07-09,https://api-static.msu.io/itemimages/icon/3135156.png
Gladiator Armor,,250000.0,2025-07-09,https://api-static.msu.io/itemimages/icon/1053705.png
Von Bon Mask,,250000.0,2025-07-09,https://api-static.msu.io/itemimages/icon/1012518.png
New Weird Pink Bean Face Accessory,,250000.0,2025-07-09,https://api-static.msu.io/itemimages/icon/1012755.png
Banana Peel Shoes,,250000.0,2025-07-09,https://api-static.msu.io/itemimages/icon/1073721.png
Harp Seal Doll Gloves,,250000.0,2025-07-09,https://api-static.msu.io/itemimages/icon/1082493.png
Pre-School Uniform Skirt,,250000.0,2025-07-09,https://api-static.msu.io/itemimages/icon/1061068.png
Mercury Washed Jeans,,250000.0,2025-07-09,https://api-static.msu.io/itemimages/icon/1060121.png
Cygnus Sandals,,250000.0,2025-07-09,https://api-static.msu.io/itemimages/icon/1071037.png
Shimmering Emerald,,250000.0,2025-07-09,https://api-static.msu.io/itemimages/icon/1051862.png
Little Darling Shoes A,,250000.0,2025-07-09,https://api-static.msu.io/itemimages/icon/1070099.png
Brown Teddy Quote Ring,,250000.0,2025-07-09,https://api-static.msu.io/itemimages/icon/1112236.png
Tania Bolero,,250000.0,2025-07-09,https://api-static.msu.io/itemimages/icon/1041138.png
Triumphant Zakum Hat,,250000.0,2025-07-09,https://api-static.msu.io/itemimages/icon/1003906.png
Grand Master Boots,,252000.0,2025-07-09,https://api-static.msu.io/itemimages/icon/1073430.png
Hekaton's Fist,,254000.0,2025-07-09,https://api-static.msu.io/itemimages/icon/3140066.png
Torn-Up Jeans,,254000.0,2025-07-09,https://api-static.msu.io/itemimages/icon/1060108.png
Hilla Face,,254999.0,2025-07-09,https://api-static.msu.io/itemimages/icon/1790291.png
Veamoth Wig B,,255000.0,2025-07-09,https://api-static.msu.io/itemimages/icon/1001046.png
Ignis Gloves,,255553.0,2025-07-09,https://api-static.msu.io/itemimages/icon/1082797.png
Dark Jack's Scar,,255555.0,2025-07-09,https://api-static.msu.io/itemimages/icon/1012048.png
Grand Master Sword,,255555.0,2025-07-09,https://api-static.msu.io/itemimages/icon/1702983.png
Blooming Forest Outfit A,,255777.0,2025-07-09,https://api-static.msu.io/itemimages/icon/1050586.png
Scary Toy Gift,,258887.0,2025-07-09,https://api-static.msu.io/itemimages/icon/3010683.png
Strawberry Shoes B,,259999.00000000003,2025-07-09,https://api-static.msu.io/itemimages/icon/1071181.png
Hoya Shorts,,259999.00000000003,2025-07-09,https://api-static.msu.io/itemimages/icon/1062232.png
Gothic Boots,,260000.0,2025-07-09,https://api-static.msu.io/itemimages/icon/1071021.png
Grand Master Hat,,260000.0,2025-07-09,https://api-static.msu.io/itemimages/icon/1005504.png
Skull Beanie,,264111.0,2025-07-09,https://api-static.msu.io/itemimages/icon/1002566.png
5 O'Clock Shadow,,265000.0,2025-07-09,https://api-static.msu.io/itemimages/icon/1010003.png
Bark Gloves,,265000.0,2025-07-09,https://api-static.msu.io/itemimages/icon/1082794.png
Down in the Dumps,,265555.0,2025-07-09,https://api-static.msu.io/itemimages/icon/1103102.png
Bark Wings,,266666.0,2025-07-09,https://api-static.msu.io/itemimages/icon/1103633.png
Mad Mage Shoes,,266666.0,2025-07-09,https://api-static.msu.io/itemimages/icon/1073476.png
Maple Momentree Shoes B,,266999.0,2025-07-09,https://api-static.msu.io/itemimages/icon/1071162.png
Black Bean Hat,,267777.0,2025-07-09,https://api-static.msu.io/itemimages/icon/1003622.png
Lalala Ring,,268777.0,2025-07-09,https://api-static.msu.io/itemimages/icon/1112900.png
Mercury Cloak,,268887.0,2025-07-09,https://api-static.msu.io/itemimages/icon/1102149.png
Panda Teddy Hairband,,268887.0,2025-07-09,https://api-static.msu.io/itemimages/icon/1006376.png
Pink Teddy Hairband,,268888.0,2025-07-09,https://api-static.msu.io/itemimages/icon/1006377.png
Odile Ballet Slippers,,268998.0,2025-07-09,https://api-static.msu.io/itemimages/icon/1072858.png
Brown Teddy Label Ring,,268999.0,2025-07-09,https://api-static.msu.io/itemimages/icon/1112126.png
Golden Pickaxe,,269000.0,2025-07-09,https://api-static.msu.io/itemimages/icon/1703291.png
Magic Unicorn,,269801.0,2025-07-09,https://api-static.msu.io/itemimages/icon/1006565.png
Honeybee Antenna Hairband,,269988.0,2025-07-09,https://api-static.msu.io/itemimages/icon/1003392.png
Mushroom's Song,,269998.0,2025-07-09,https://api-static.msu.io/itemimages/icon/1103360.png
Raiden Wings,,269999.0,2025-07-09,https://api-static.msu.io/itemimages/icon/1103632.png
Orange Mushroom Stylish Cap,,269999.0,2025-07-09,https://api-static.msu.io/itemimages/icon/1005432.png
Spaceship,,270000.0,2025-07-09,https://api-static.msu.io/itemimages/icon/3140178.png
Black Heaven Amusement Park Ride Chair,,270000.0,2025-07-09,https://api-static.msu.io/itemimages/icon/3015350.png
Super Summer Snorkel,,270000.0,2025-07-09,https://api-static.msu.io/itemimages/icon/1005192.png
Violetta Express Chair,,270000.0,2025-07-09,https://api-static.msu.io/itemimages/icon/3015048.png
Necromancer Warrior Hat,,270000.0,2025-07-09,https://api-static.msu.io/itemimages/icon/1004214.png
Pink Antique Parasol,,272000.0,2025-07-09,https://api-static.msu.io/itemimages/icon/1702519.png
Striped Shoes,,272888.0,2025-07-09,https://api-static.msu.io/itemimages/icon/1073752.png
Red Ribbon Shoes,,273000.0,2025-07-09,https://api-static.msu.io/itemimages/icon/1071032.png
Zakum's Poisonic Guards,,273069.0,2025-07-09,https://api-static.msu.io/itemimages/icon/1472244.png
Commander Arkarium Mask,,274444.0,2025-07-09,https://api-static.msu.io/itemimages/icon/1004145.png
Honey Bee Label Ring,,274998.0,2025-07-09,https://api-static.msu.io/itemimages/icon/1112191.png
Bandage Strip,,275000.0,2025-07-09,https://api-static.msu.io/itemimages/icon/1012027.png
Cotton Hat,,276666.0,2025-07-09,https://api-static.msu.io/itemimages/icon/1005482.png
Von Bon's Fury Chair,,277000.0,2025-07-09,https://api-static.msu.io/itemimages/icon/3010675.png
Mobile Mansion Chat Ring,,277777.0,2025-07-09,https://api-static.msu.io/itemimages/icon/1115055.png
Neo Castle Dress,,277777.0,2025-07-09,https://api-static.msu.io/itemimages/icon/1051645.png
Pharaoh Crown,,277777.0,2025-07-09,https://api-static.msu.io/itemimages/icon/1003008.png
Galactic Legend A,,278777.0,2025-07-09,https://api-static.msu.io/itemimages/icon/1702212.png
Mercury Jean Skirt,,278887.0,2025-07-09,https://api-static.msu.io/itemimages/icon/1061142.png
Double Power Suit,,278888.0,2025-07-09,https://api-static.msu.io/itemimages/icon/3140029.png
Marron Glace B,,278999.0,2025-07-09,https://api-static.msu.io/itemimages/icon/1051604.png
Tania En Fuego,,279000.0,2025-07-09,https://api-static.msu.io/itemimages/icon/1072327.png
Lucky Clover,,279380.0,2025-07-09,https://api-static.msu.io/itemimages/icon/1000113.png
Lucky Clover Hat A,,279380.0,2025-07-09,https://api-static.msu.io/itemimages/icon/1000113.png
White Fiancee,,279999.0,2025-07-09,https://api-static.msu.io/itemimages/icon/1051389.png
Necromancer Chaser Shoes,,279999.0,2025-07-09,https://api-static.msu.io/itemimages/icon/1072955.png
Lucky Clover Outfit B,,279999.0,2025-07-09,https://api-static.msu.io/itemimages/icon/1051631.png
Odile Tiara,,280000.0,2025-07-09,https://api-static.msu.io/itemimages/icon/1003952.png
Downy Purple Cozy Outfit,,280000.0,2025-07-09,https://api-static.msu.io/itemimages/icon/1050539.png
Honey Bee Chat Ring,,280000.0,2025-07-09,https://api-static.msu.io/itemimages/icon/1115004.png
Ignis Hat,,280000.0,2025-07-09,https://api-static.msu.io/itemimages/icon/1006350.png
Strawberry Delight,,280000.0,2025-07-09,https://api-static.msu.io/itemimages/icon/1702329.png
Azure Teddy Loafers,,280000.0,2025-07-09,https://api-static.msu.io/itemimages/icon/1073424.png
Lord Pirate Chair,,280000.0,2025-07-09,https://api-static.msu.io/itemimages/icon/3010114.png
Lucky Clover Hat B,,280000.0,2025-07-09,https://api-static.msu.io/itemimages/icon/1001135.png
Mummy Suit,,280000.0,2025-07-09,https://api-static.msu.io/itemimages/icon/1052067.png
Pepe Stylish Cap,,282000.0,2025-07-09,https://api-static.msu.io/itemimages/icon/1005434.png
Shining Unicorn,,283696.0,2025-07-09,https://api-static.msu.io/itemimages/icon/1051861.png
Shining Emerald,,284000.0,2025-07-09,https://api-static.msu.io/itemimages/icon/1050784.png
Little Red Riding Dress,,284886.0,2025-07-09,https://api-static.msu.io/itemimages/icon/1051253.png
Honeybee Wings,,285000.0,2025-07-09,https://api-static.msu.io/itemimages/icon/1102338.png
Black Heaven Train Chair,,285000.0,2025-07-09,https://api-static.msu.io/itemimages/icon/3015049.png
Blue Nightmare Fedora,,285000.0,2025-07-09,https://api-static.msu.io/itemimages/icon/1005647.png
Cygnus Face,,287000.0,2025-07-09,https://api-static.msu.io/itemimages/icon/1790147.png
Chicken Coataroo,,288000.0,2025-07-09,https://api-static.msu.io/itemimages/icon/1052661.png
Ghost Groom Wedding Fedora,,288888.0,2025-07-09,https://api-static.msu.io/itemimages/icon/1000131.png
Golden Bell Outfit,,288888.0,2025-07-09,https://api-static.msu.io/itemimages/icon/1050284.png
Fluid Hat,,288888.0,2025-07-09,https://api-static.msu.io/itemimages/icon/1006349.png
Glamor Hair,,288888.0,2025-07-09,https://api-static.msu.io/itemimages/icon/1791289.png
Raiden Suit,,289999.0,2025-07-09,https://api-static.msu.io/itemimages/icon/1054059.png
Beach Party Swimsuit A,,289999.0,2025-07-09,https://api-static.msu.io/itemimages/icon/1051723.png
Lucky Clover Outfit A,,289999.0,2025-07-09,https://api-static.msu.io/itemimages/icon/1050559.png
Pink Bean Stylish Cap,,289999.0,2025-07-09,https://api-static.msu.io/itemimages/icon/1005430.png
Bamboo Sword,,290000.0,2025-07-09,https://api-static.msu.io/itemimages/icon/1703018.png
Elite Knight Suit,,290000.0,2025-07-09,https://api-static.msu.io/itemimages/icon/1053965.png
Attitude Cap,,290000.0,2025-07-09,https://api-static.msu.io/itemimages/icon/1000106.png
Brown Teddy Hairband,,290000.0,2025-07-09,https://api-static.msu.io/itemimages/icon/1006378.png
Night Magician A,,290000.0,2025-07-09,https://api-static.msu.io/itemimages/icon/1050532.png
Hoya Roar,,290000.0,2025-07-09,https://api-static.msu.io/itemimages/icon/1702599.png
Ancient Tank Chair,,290000.0,2025-07-09,https://api-static.msu.io/itemimages/icon/3010761.png
Necromancer Sentinel Hat,,294999.0,2025-07-09,https://api-static.msu.io/itemimages/icon/1004216.png
Striped Overalls,,294999.0,2025-07-09,https://api-static.msu.io/itemimages/icon/1050702.png
Toga,,294999.0,2025-07-09,https://api-static.msu.io/itemimages/icon/1052030.png
Hidden Balrog,,295000.0,2025-07-09,https://api-static.msu.io/itemimages/icon/3140092.png
Hawaiian Sunhat,,295000.0,2025-07-09,https://api-static.msu.io/itemimages/icon/1003920.png
Balrog,,295000.0,2025-07-09,https://api-static.msu.io/itemimages/icon/3140092.png
Tania Sword,,297674.0,2025-07-09,https://api-static.msu.io/itemimages/icon/1702149.png
Chaos Pink Bean Hat,,298900.0,2025-07-09,https://api-static.msu.io/itemimages/icon/1003621.png
Necromancer Sentinel Shoes,,299990.0,2025-07-09,https://api-static.msu.io/itemimages/icon/1072954.png
Catty Von Leon,,299991.0,2025-07-09,https://api-static.msu.io/itemimages/icon/1005161.png
Ignis Wings,,299998.0,2025-07-09,https://api-static.msu.io/itemimages/icon/1103636.png
Broccoli Hat,,299999.0,2025-07-09,https://api-static.msu.io/itemimages/icon/1006157.png
Azure Teddy Dress,,299999.0,2025-07-09,https://api-static.msu.io/itemimages/icon/1051612.png
Blooming Forest Shoes,,299999.0,2025-07-09,https://api-static.msu.io/itemimages/icon/1073546.png
Necromancer Skipper Hat,,299999.0,2025-07-09,https://api-static.msu.io/itemimages/icon/1004218.png
Chocolate Heart,,299999.0,2025-07-09,https://api-static.msu.io/itemimages/icon/1012616.png
Skateboard,,299999.0,2025-07-09,https://api-static.msu.io/itemimages/icon/3140076.png
Beach Party Swimsuit B,,299999.0,2025-07-09,https://api-static.msu.io/itemimages/icon/1050650.png
Shark Hoodie,,299999.0,2025-07-09,https://api-static.msu.io/itemimages/icon/1004756.png
Beach Party Fireworks,,300000.0,2025-07-09,https://api-static.msu.io/itemimages/icon/1703236.png
Bee Train,,300000.0,2025-07-09,https://api-static.msu.io/itemimages/icon/3140064.png
Mad Mage Suit,,300000.0,2025-07-09,https://api-static.msu.io/itemimages/icon/1053629.png
Snake Snapback Hat,,300000.0,2025-07-09,https://api-static.msu.io/itemimages/icon/1004035.png
Dylan's Silk Hat,,300000.0,2025-07-09,https://api-static.msu.io/itemimages/icon/1000077.png
Downy Purple Soft Outfit,,300000.0,2025-07-09,https://api-static.msu.io/itemimages/icon/1051610.png
Pepe Sleeping Bag Chair,,300000.0,2025-07-09,https://api-static.msu.io/itemimages/icon/3018018.png
Strawberry Fork,,300000.0,2025-07-09,https://api-static.msu.io/itemimages/icon/1703336.png
Aurora Jewel Mount,,300000.0,2025-07-09,https://api-static.msu.io/itemimages/icon/3140285.png
Maple Doctor's Scrubs B,,300000.0,2025-07-09,https://api-static.msu.io/itemimages/icon/1051262.png
Pink Bean Balloon,,300000.0,2025-07-09,https://api-static.msu.io/itemimages/icon/3140049.png
Outsized Sailor Coat (Black & Ivory),,301955.0,2025-07-09,https://api-static.msu.io/itemimages/icon/1053386.png
Mummy Hat,,305000.0,2025-07-09,https://api-static.msu.io/itemimages/icon/1002525.png
Jadeite Charm,,306666.0,2025-07-09,https://api-static.msu.io/itemimages/icon/1162046.png
Mystic Rose Soul,,307500.0,2025-07-09,https://api-static.msu.io/itemimages/icon/1703418.png
Dreaming Magic,,309000.0,2025-07-09,https://api-static.msu.io/itemimages/icon/1070189.png
Striped Bucket Hat,,309999.0,2025-07-09,https://api-static.msu.io/itemimages/icon/1006220.png
Pepe Dungarees,,309999.0,2025-07-09,https://api-static.msu.io/itemimages/icon/1053503.png
Azure Teddy Headband,,309999.0,2025-07-09,https://api-static.msu.io/itemimages/icon/1001130.png
Goblin Fire,,309999.99999999994,2025-07-09,https://api-static.msu.io/itemimages/icon/1702423.png
Pepe Balloon,,311111.0,2025-07-09,https://api-static.msu.io/itemimages/icon/1102141.png
Apple Bubble Gum,,315000.0,2025-07-09,https://api-static.msu.io/itemimages/icon/1012096.png
Zakum's Poisonic Knuckle,,315555.0,2025-07-09,https://api-static.msu.io/itemimages/icon/1482199.png
Shark Bite Shoes,,318888.0,2025-07-09,https://api-static.msu.io/itemimages/icon/1073144.png
Crispy Carrot Skateboard,,319999.0,2025-07-09,https://api-static.msu.io/itemimages/icon/1702849.png
Chicky-Chicky Boom,,319999.0,2025-07-09,https://api-static.msu.io/itemimages/icon/1702461.png
Golden Bell Dress,,320000.0,2025-07-09,https://api-static.msu.io/itemimages/icon/1051350.png
Spring Camping Boots,,320000.0,2025-07-09,https://api-static.msu.io/itemimages/icon/1073763.png
Arabian Outfit,,320000.0,2025-07-09,https://api-static.msu.io/itemimages/icon/1053504.png
Royal Mystic Uniform A,,320000.0,2025-07-09,https://api-static.msu.io/itemimages/icon/1051794.png
War Paint,,320000.0,2025-07-09,https://api-static.msu.io/itemimages/icon/1012025.png
Veamoth Chat Ring,,321321.0,2025-07-09,https://api-static.msu.io/itemimages/icon/1115204.png
Golden Honey Pot,,322221.99999999994,2025-07-09,https://api-static.msu.io/itemimages/icon/1703416.png
Magic Lamp Chair,,325000.0,2025-07-09,https://api-static.msu.io/itemimages/icon/3018447.png
Catty Hilla,,328888.0,2025-07-09,https://api-static.msu.io/itemimages/icon/1005162.png
Beach Party Head Decoration,,329000.0,2025-07-09,https://api-static.msu.io/itemimages/icon/1006043.png
Elite Knight Cape,,329000.0,2025-07-09,https://api-static.msu.io/itemimages/icon/1103570.png
Orange Mushroom Dungarees,,329999.0,2025-07-09,https://api-static.msu.io/itemimages/icon/1053501.png
Arkarium Storytime Chair,,329999.0,2025-07-09,https://api-static.msu.io/itemimages/icon/3010941.png
Hellhound,,329999.0,2025-07-09,https://api-static.msu.io/itemimages/icon/3140070.png
Blooming Forest Floral Crown,,330000.00000000006,2025-07-09,https://api-static.msu.io/itemimages/icon/1005801.png
Maple Momentree Robe B,,330000.00000000006,2025-07-09,https://api-static.msu.io/itemimages/icon/1051717.png
Black Wyvern,,330000.999998,2025-07-09,https://api-static.msu.io/itemimages/icon/3140104.png
Bark Hat,,330999.0,2025-07-09,https://api-static.msu.io/itemimages/icon/1006347.png
Bark Suit,,332900.0,2025-07-09,https://api-static.msu.io/itemimages/icon/1054060.png
Chaos Zakum Helmet,,333321.99999999994,2025-07-09,https://api-static.msu.io/itemimages/icon/1003112.png
Moonlight Fairy Wings,,333330.0,2025-07-09,https://api-static.msu.io/itemimages/icon/1103296.png
Azure Teddy Hat,,333333.0,2025-07-09,https://api-static.msu.io/itemimages/icon/1000107.png
Pink Bean Chair,,333333.0,2025-07-09,https://api-static.msu.io/itemimages/icon/3010307.png
Necromancer Sentinel Gloves,,333333.0,2025-07-09,https://api-static.msu.io/itemimages/icon/1082595.png
Necromancer Sentinel Suit,,333333.0,2025-07-09,https://api-static.msu.io/itemimages/icon/1052786.png
Beach Babe Outfit,,333333.0,2025-07-09,https://api-static.msu.io/itemimages/icon/1051359.png
Diamond Pickaxe,,333333.0,2025-07-09,https://api-static.msu.io/itemimages/icon/1703292.png
Blooming Forest Outfit B,,334000.0,2025-07-09,https://api-static.msu.io/itemimages/icon/1051659.png
Candy Candy,,335000.0,2025-07-09,https://api-static.msu.io/itemimages/icon/1004117.png
Shark Bodysuit,,335000.0,2025-07-09,https://api-static.msu.io/itemimages/icon/1053040.png
Strawberry Hairband,,338888.00000000006,2025-07-09,https://api-static.msu.io/itemimages/icon/1006216.png
Vellum Mount,,339499.95,2025-07-09,https://api-static.msu.io/itemimages/icon/3140078.png
Star of Ereve,,339909.0,2025-07-09,https://api-static.msu.io/itemimages/icon/1001075.png
Silver Fox Ears,,340000.0,2025-07-09,https://api-static.msu.io/itemimages/icon/1002843.png
Outsized Sailor Coat (White & Purple),,343333.0,2025-07-09,https://api-static.msu.io/itemimages/icon/1053388.png
Drill Machine Chair,,344999.00000000006,2025-07-09,https://api-static.msu.io/itemimages/icon/3010405.png
Brown Teddy Outfit,,345000.0,2025-07-09,https://api-static.msu.io/itemimages/icon/1054081.png
Little Darling Outfit A,,345000.0,2025-07-09,https://api-static.msu.io/itemimages/icon/1050488.png
Veamoth Sword,,345444.0,2025-07-09,https://api-static.msu.io/itemimages/icon/1702120.png
Vellum Rock Chair,,345555.0,2025-07-09,https://api-static.msu.io/itemimages/icon/3010515.png
Party Quest Blue Damage Skin,,345565.0,2025-07-09,https://api-static.msu.io/itemimages/icon/3135155.png
Maple Doctor's Scrubs A,,346000.0,2025-07-09,https://api-static.msu.io/itemimages/icon/1050215.png
Cygnus Dress,,348880.0,2025-07-09,https://api-static.msu.io/itemimages/icon/1051277.png
Space Pirate Open Helmet,,348888.0,2025-07-09,https://api-static.msu.io/itemimages/icon/1006240.png
Starlight Leader,,348888.0,2025-07-09,https://api-static.msu.io/itemimages/icon/1050725.png
Enraged Zakum Helmet,,349000.0,2025-07-09,https://api-static.msu.io/itemimages/icon/1004637.png
Sweet Cotton Candy,,349899.0,2025-07-09,https://api-static.msu.io/itemimages/icon/1006221.png
Crispy Carrot Duds,,349999.0,2025-07-09,https://api-static.msu.io/itemimages/icon/1053335.png
Necromancer Chaser Suit,,349999.0,2025-07-09,https://api-static.msu.io/itemimages/icon/1052787.png
Catty Arkarium,,349999.0,2025-07-09,https://api-static.msu.io/itemimages/icon/1005160.png
Honeybee Damage Skin,,349999.0,2025-07-09,https://api-static.msu.io/itemimages/icon/3135093.png
Odile Tutu,,349999.0,2025-07-09,https://api-static.msu.io/itemimages/icon/1051375.png
Necromancer Warrior Shoes,,350000.0,2025-07-09,https://api-static.msu.io/itemimages/icon/1072952.png
Arabian Shoes,,350000.0,2025-07-09,https://api-static.msu.io/itemimages/icon/1073392.png
Blue Pre-School Hat,,350000.0,2025-07-09,https://api-static.msu.io/itemimages/icon/1002190.png
Sea Otter Slammer,,350000.0,2025-07-09,https://api-static.msu.io/itemimages/icon/1702446.png
Rosalia's Rose,,350000.0,2025-07-09,https://api-static.msu.io/itemimages/icon/1001099.png
Lord Pirate Prisoner,,350000.0,2025-07-09,https://api-static.msu.io/itemimages/icon/3140052.png
Seal Wave Snuggler,,350000.0,2025-07-09,https://api-static.msu.io/itemimages/icon/1702454.png
Blooming Forest Weapon,,358877.0,2025-07-09,https://api-static.msu.io/itemimages/icon/1703094.png
Chicken Hataroo,,358888.0,2025-07-09,https://api-static.msu.io/itemimages/icon/1003965.png
Green Suspenders,,359998.00000000006,2025-07-09,https://api-static.msu.io/itemimages/icon/1042127.png
Salt and Pepper Cape,,359999.0,2025-07-09,https://api-static.msu.io/itemimages/icon/1103549.png
Fluid Wings,,360000.0,2025-07-09,https://api-static.msu.io/itemimages/icon/1103635.png
Space Pirate Topper,,360000.0,2025-07-09,https://api-static.msu.io/itemimages/icon/1006239.png
Necromancer Skipper Shoes,,364751.0,2025-07-09,https://api-static.msu.io/itemimages/icon/1072956.png
Native Hog,,365000.00000000006,2025-07-09,https://api-static.msu.io/itemimages/icon/3140026.png
Mercury Lightning,,365000.00000000006,2025-07-09,https://api-static.msu.io/itemimages/icon/1072328.png
Cozy Cotton Candy A,,366666.0,2025-07-09,https://api-static.msu.io/itemimages/icon/1050697.png
Dreaming Unicorn,,366666.0,2025-07-09,https://api-static.msu.io/itemimages/icon/1050782.png
Angelic Emerald,,370000.0,2025-07-09,https://api-static.msu.io/itemimages/icon/1102356.png
Sage Training Outfit,,370000.0,2025-07-09,https://api-static.msu.io/itemimages/icon/1053606.png
Frameless Glasses,,370000.0,2025-07-09,https://api-static.msu.io/itemimages/icon/1022037.png
Mad Mage Staff,,373000.0,2025-07-09,https://api-static.msu.io/itemimages/icon/1703033.png
Fritto Mask,,375000.0,2025-07-09,https://api-static.msu.io/itemimages/icon/1005631.png
Cozy Cotton Candy B,,375000.0,2025-07-09,https://api-static.msu.io/itemimages/icon/1051770.png
Elite Knight Dual Swords,,375999.0,2025-07-09,https://api-static.msu.io/itemimages/icon/1703330.png
Mercury Gloves,,377777.0,2025-07-09,https://api-static.msu.io/itemimages/icon/1082225.png
Training Dummy Mount,,377777.0,2025-07-09,https://api-static.msu.io/itemimages/icon/3140241.png
Moonlight Fairy Tunic,,378888.0,2025-07-09,https://api-static.msu.io/itemimages/icon/1050565.png
Crispy Carrot Flippers,,378888.0,2025-07-09,https://api-static.msu.io/itemimages/icon/1073297.png
Lord Zakum Throne,,378900.0,2025-07-09,https://api-static.msu.io/itemimages/icon/3010455.png
Royal Von Leon Sentinel Helm,,378999.0,2025-07-09,https://api-static.msu.io/itemimages/icon/1004236.png
Necromancer Chaser Gloves,,379000.0,2025-07-09,https://api-static.msu.io/itemimages/icon/1082596.png
Royal Von Leon Sentinel Suit,,380000.0,2025-07-09,https://api-static.msu.io/itemimages/icon/1052806.png
Camel Wagon,,380000.0,2025-07-09,https://api-static.msu.io/itemimages/icon/3140134.png
Arabian Hat,,380000.0,2025-07-09,https://api-static.msu.io/itemimages/icon/1005435.png
Baby Angel Wings,,380000.0,2025-07-09,https://api-static.msu.io/itemimages/icon/1102005.png
Cherry Bubblegum,,382888.0,2025-07-09,https://api-static.msu.io/itemimages/icon/1012085.png
Enraged Zakum Cape,,384999.0,2025-07-09,https://api-static.msu.io/itemimages/icon/1102871.png
Golden Fox Tail,,385000.0,2025-07-09,https://api-static.msu.io/itemimages/icon/1102187.png
Royal Von Leon Sentinel Boots,,385000.0,2025-07-09,https://api-static.msu.io/itemimages/icon/1072974.png
Azure Teddy Suit,,386666.0,2025-07-09,https://api-static.msu.io/itemimages/icon/1050541.png
White Proposal,,387777.0,2025-07-09,https://api-static.msu.io/itemimages/icon/1050318.png
Chaos Pink Bean Suit,,388000.0,2025-07-09,https://api-static.msu.io/itemimages/icon/1052526.png
New Veamoth Wings,,388884.0,2025-07-09,https://api-static.msu.io/itemimages/icon/1102308.png
Cygnus Garden Chair,,388888.0,2025-07-09,https://api-static.msu.io/itemimages/icon/3018788.png
Mimic Protocol Style Look,,388888.0,2025-07-09,https://api-static.msu.io/itemimages/icon/1054144.png
Royal Von Leon Skipper Helm,,389000.0,2025-07-09,https://api-static.msu.io/itemimages/icon/1004238.png
Harp Seal,,390000.0,2025-07-09,https://api-static.msu.io/itemimages/icon/3140227.png
Friends of the Forest,,390000.0,2025-07-09,https://api-static.msu.io/itemimages/icon/3010946.png
Royal Von Leon Sentinel Hands,,396000.0,2025-07-09,https://api-static.msu.io/itemimages/icon/1082615.png
Mad Mage Hood,,398887.0,2025-07-09,https://api-static.msu.io/itemimages/icon/1005611.png
Royal Von Leon Chaser Boots,,398888.0,2025-07-09,https://api-static.msu.io/itemimages/icon/1072975.png
Inferno Wolf Mount,,398888.0,2025-07-09,https://api-static.msu.io/itemimages/icon/3140283.png
Necromancer Skipper Suit,,399999.0,2025-07-09,https://api-static.msu.io/itemimages/icon/1052788.png
Zakum's Poisonic Two-handed Sword,,399999.0,2025-07-09,https://api-static.msu.io/itemimages/icon/1402233.png
Starlight Guide,,399999.0,2025-07-09,https://api-static.msu.io/itemimages/icon/1051796.png
Necromancer Magician Hat,,399999.0,2025-07-09,https://api-static.msu.io/itemimages/icon/1004215.png
Magician Hat,,399999.0,2025-07-09,https://api-static.msu.io/itemimages/icon/1004215.png
Bubble Flip Flops,,399999.0,2025-07-09,https://api-static.msu.io/itemimages/icon/1072843.png
Royal Von Leon Chaser Helm,,400000.0,2025-07-09,https://api-static.msu.io/itemimages/icon/1004237.png
Necromancer Warrior Gloves,,400000.0,2025-07-09,https://api-static.msu.io/itemimages/icon/1082593.png
Panda Teddy Outfit,,400000.0,2025-07-09,https://api-static.msu.io/itemimages/icon/1054079.png
Twinkling Cotton Candy,,405000.0,2025-07-09,https://api-static.msu.io/itemimages/icon/3140191.png
Starglimmer Outfit,,409996.0,2025-07-09,https://api-static.msu.io/itemimages/icon/1053816.png
Coin Crazy Chair,,409999.0,2025-07-09,https://api-static.msu.io/itemimages/icon/3018100.png
Zakum's Poisonic Bow,,410000.0,2025-07-09,https://api-static.msu.io/itemimages/icon/1452235.png
Mobile Mansion Label Ring,,411000.0,2025-07-09,https://api-static.msu.io/itemimages/icon/1115144.png
Memory Flow,,411111.0,2025-07-09,https://api-static.msu.io/itemimages/icon/1073810.png
Moonlight Fairy Shoes,,411111.0,2025-07-09,https://api-static.msu.io/itemimages/icon/1073479.png
Moonlight Fairy Maillot,,411111.0,2025-07-09,https://api-static.msu.io/itemimages/icon/1051637.png
Yeti and Pepe Damage Skin,,414000.0,2025-07-09,https://api-static.msu.io/itemimages/icon/3135014.png
Subi Throwing Stars,,415000.0,2025-07-09,https://api-static.msu.io/itemimages/icon/3152000.png
Little Darling Beret,,418000.0,2025-07-09,https://api-static.msu.io/itemimages/icon/1005151.png
Hilla's Style Maker,,420000.0,2025-07-09,https://api-static.msu.io/itemimages/icon/3010404.png
Pink Frill Swim Skirt,,421998.0,2025-07-09,https://api-static.msu.io/itemimages/icon/1061148.png
Fish on a Stick,,425360.0,2025-07-09,https://api-static.msu.io/itemimages/icon/1702781.png
New Weird Yeti Face Accessory,,427898.0,2025-07-09,https://api-static.msu.io/itemimages/icon/1012754.png
Black Bean Suit,,430000.0,2025-07-09,https://api-static.msu.io/itemimages/icon/1052527.png
Soft Cotton Candy,,435555.0,2025-07-09,https://api-static.msu.io/itemimages/icon/1073753.png
Angel Cloud Chat Ring,,439999.0,2025-07-09,https://api-static.msu.io/itemimages/icon/1112262.png
Moon Bunny Gloves,,440000.0,2025-07-09,https://api-static.msu.io/itemimages/icon/1082169.png
Necromancer Warrior Suit,,440000.0,2025-07-09,https://api-static.msu.io/itemimages/icon/1052784.png
Tenacious Ribbon Pig Hat,,440000.0,2025-07-09,https://api-static.msu.io/itemimages/icon/1003905.png
Royal Von Leon Skipper Boots,,444444.0,2025-07-09,https://api-static.msu.io/itemimages/icon/1072976.png
Cygnus's Guard,,449000.0,2025-07-09,https://api-static.msu.io/itemimages/icon/1702757.png
New Weird Slime Face Accessory,,449999.0,2025-07-09,https://api-static.msu.io/itemimages/icon/1012756.png
Mystic Ruby Crown,,450000.0,2025-07-09,https://api-static.msu.io/itemimages/icon/1001156.png
Catty Magnus,,450000.0,2025-07-09,https://api-static.msu.io/itemimages/icon/1005159.png
Mad Mage Makeup,,450000.0,2025-07-09,https://api-static.msu.io/itemimages/icon/1012725.png
Jailbird Uniform,,450000.0,2025-07-09,https://api-static.msu.io/itemimages/icon/1053315.png
Necromancer Skipper Gloves,,450000.0,2025-07-09,https://api-static.msu.io/itemimages/icon/1082597.png
Snowballs,,455555.0,2025-07-09,https://api-static.msu.io/itemimages/icon/3152008.png
Striped Suspenders Shorts,,458888.0,2025-07-09,https://api-static.msu.io/itemimages/icon/1051775.png
Jiggly Slime,,459999.0,2025-07-09,https://api-static.msu.io/itemimages/icon/1703156.png
Chicken,,466777.0,2025-07-09,https://api-static.msu.io/itemimages/icon/3140019.png
Blackheart Mount,,480000.0,2025-07-09,https://api-static.msu.io/itemimages/icon/3140224.png
Starglimmer Shoes,,480000.0,2025-07-09,https://api-static.msu.io/itemimages/icon/1073610.png
Golden Fox Ears,,487777.0,2025-07-09,https://api-static.msu.io/itemimages/icon/1002842.png
Beach Bum Outfit,,490000.00000000006,2025-07-09,https://api-static.msu.io/itemimages/icon/1050293.png
Red-Feathered Bandana,,490000.00000000006,2025-07-09,https://api-static.msu.io/itemimages/icon/1001026.png
Bronze Arrows for Bow,,497000.0,2025-07-09,https://api-static.msu.io/itemimages/icon/3150000.png
Submarine,,499000.0,2025-07-09,https://api-static.msu.io/itemimages/icon/3140114.png
Cygnus Hair,,499998.0,2025-07-09,https://api-static.msu.io/itemimages/icon/1791302.png
Royal Von Leon Sentinel Cape,,499998.0,2025-07-09,https://api-static.msu.io/itemimages/icon/1102715.png
Heart Kitty Hat,,499999.0,2025-07-09,https://api-static.msu.io/itemimages/icon/1006252.png
Heart Kitty Plate,,499999.0,2025-07-09,https://api-static.msu.io/itemimages/icon/1703360.png
Quality Arrows for Crossbow,,499999.0,2025-07-09,https://api-static.msu.io/itemimages/icon/3151002.png
Royal Von Leon Warrior Boots,,499999.0,2025-07-09,https://api-static.msu.io/itemimages/icon/1072972.png
Harp Seal Mask,,500000.0,2025-07-09,https://api-static.msu.io/itemimages/icon/1003776.png
Royal Von Leon Magician Helm,,500000.0,2025-07-09,https://api-static.msu.io/itemimages/icon/1004235.png
Shark Tooth Skipper Hat,,500000.0,2025-07-09,https://api-static.msu.io/itemimages/icon/1003176.png
Angel Halo,,500000.0,2025-07-09,https://api-static.msu.io/itemimages/icon/1003685.png
Starlight Aurora Damage Skin,,502018.0000000001,2025-07-09,https://api-static.msu.io/itemimages/icon/3135070.png
Star & Moon Hairpin,,508000.0,2025-07-09,https://api-static.msu.io/itemimages/icon/1005615.png
Royal Von Leon Warrior Helm,,513333.0,2025-07-09,https://api-static.msu.io/itemimages/icon/1004234.png
Strong Arrows for Crossbow,,519888.0,2025-07-09,https://api-static.msu.io/itemimages/icon/3151003.png
Royal Von Leon Mage Boots,,530000.0,2025-07-09,https://api-static.msu.io/itemimages/icon/1072973.png
Papulatus Clock Chair,,545000.0,2025-07-09,https://api-static.msu.io/itemimages/icon/3016206.png
Starglimmer Tiara,,548888.0,2025-07-09,https://api-static.msu.io/itemimages/icon/1005941.png
Royal Von Leon Chaser Cape,,549888.0,2025-07-09,https://api-static.msu.io/itemimages/icon/1102716.png
Triumphant Ribbon Pig Hat,,549999.0,2025-07-09,https://api-static.msu.io/itemimages/icon/1003904.png
Little Darling Outfit B,,550000.0,2025-07-09,https://api-static.msu.io/itemimages/icon/1051555.png
Royal Von Leon Warrior Cape,,550000.0,2025-07-09,https://api-static.msu.io/itemimages/icon/1102713.png
Steel Arrows for Crossbow,,555555.0,2025-07-09,https://api-static.msu.io/itemimages/icon/3151001.png
Baby Chick Chat Ring,,575000.0,2025-07-09,https://api-static.msu.io/itemimages/icon/1115063.png
Slime Stylish Cap,,579988.0,2025-07-09,https://api-static.msu.io/itemimages/icon/1005433.png
Wooden Tops,,588888.0,2025-07-09,https://api-static.msu.io/itemimages/icon/3152009.png
Royal Von Leon Chaser Suit,,589000.0,2025-07-09,https://api-static.msu.io/itemimages/icon/1052807.png
Manji Mask,,599998.0,2025-07-09,https://api-static.msu.io/itemimages/icon/1005621.png
Wulbi Throwing Stars,,599999.0,2025-07-09,https://api-static.msu.io/itemimages/icon/3152001.png
Shark Cape,,600000.0,2025-07-09,https://api-static.msu.io/itemimages/icon/1102926.png
Quality Arrows for bow,,600000.0,2025-07-09,https://api-static.msu.io/itemimages/icon/3150002.png
Royal Von Leon Skipper Suit,,608888.0,2025-07-09,https://api-static.msu.io/itemimages/icon/1052808.png
Royal Von Leon Chaser Hands,,619999.9999999999,2025-07-09,https://api-static.msu.io/itemimages/icon/1082616.png
Promised Time,,619999.9999999999,2025-07-09,https://api-static.msu.io/itemimages/icon/1703422.png
Steel Arrows for Bow,,640000.0,2025-07-09,https://api-static.msu.io/itemimages/icon/3150001.png
Slime Dungarees,,640000.0,2025-07-09,https://api-static.msu.io/itemimages/icon/1053502.png
Kaiserion,,648888.0,2025-07-09,https://api-static.msu.io/itemimages/icon/1402205.png
Falcon Wing Sentinel Cap,,649998.0,2025-07-09,https://api-static.msu.io/itemimages/icon/1003174.png
Slime Damage Skin,,649999.0,2025-07-09,https://api-static.msu.io/itemimages/icon/3135148.png
Mokbi Throwing Stars,,650000.0,2025-07-09,https://api-static.msu.io/itemimages/icon/3152002.png
Necromancer Magician Shoes,,650000.0,2025-07-09,https://api-static.msu.io/itemimages/icon/1072953.png
Chaos Zakum's Tree Branch,,650000.0,2025-07-09,https://api-static.msu.io/itemimages/icon/1372073.png
Falcon Wing Sentinel Gloves,,650000.0,2025-07-09,https://api-static.msu.io/itemimages/icon/1082297.png
Galactic Fragment,,659999.0,2025-07-09,https://api-static.msu.io/itemimages/icon/1103651.png
Royal Von Leon Skipper Hands,,670000.0,2025-07-09,https://api-static.msu.io/itemimages/icon/1082617.png
Angel Cloud Label Ring,,670000.0,2025-07-09,https://api-static.msu.io/itemimages/icon/1112150.png
Icicles,,674850.0,2025-07-09,https://api-static.msu.io/itemimages/icon/3152010.png
Falcon Wing Sentinel Suit,,677497.0,2025-07-09,https://api-static.msu.io/itemimages/icon/1052316.png
Necromancer Magician Suit,,677999.9999999999,2025-07-09,https://api-static.msu.io/itemimages/icon/1052785.png
Digitized Damage Skin,,680000.0,2025-07-09,https://api-static.msu.io/itemimages/icon/3135000.png
Flower Dance,,680000.0,2025-07-09,https://api-static.msu.io/itemimages/icon/1702501.png
Kumbi Throwing Stars,,685000.0,2025-07-09,https://api-static.msu.io/itemimages/icon/3152003.png
Strong Arrows for Bow,,688887.0,2025-07-09,https://api-static.msu.io/itemimages/icon/3150003.png
Blasted Feather,,688888.0,2025-07-09,https://api-static.msu.io/itemimages/icon/1352262.png
Scouter,,695163.0,2025-07-09,https://api-static.msu.io/itemimages/icon/1022262.png
Ifia's Earrings,,699000.0,2025-07-09,https://api-static.msu.io/itemimages/icon/1032227.png
Death Sender Charm,,699998.0,2025-07-09,https://api-static.msu.io/itemimages/icon/1352292.png
Badge of Junna,,699999.0,2025-07-09,https://api-static.msu.io/itemimages/icon/1182199.png
Badge of Donarr,,699999.0,2025-07-09,https://api-static.msu.io/itemimages/icon/1182196.png
Mad Mage Cape,,699999.0,2025-07-09,https://api-static.msu.io/itemimages/icon/1103291.png
Royal Von Leon Warrior Hands,,700000.0,2025-07-09,https://api-static.msu.io/itemimages/icon/1082613.png
Badge of Saturnus,,700000.0,2025-07-09,https://api-static.msu.io/itemimages/icon/1182198.png
Bronze Arrows for Crossbow,,700000.0,2025-07-09,https://api-static.msu.io/itemimages/icon/3151000.png
Badge of Mano,,700000.0,2025-07-09,https://api-static.msu.io/itemimages/icon/1182193.png
Raven Horn Chaser Hat,,700000.0,2025-07-09,https://api-static.msu.io/itemimages/icon/1003175.png
Badge of Pruba,,700000.0,2025-07-09,https://api-static.msu.io/itemimages/icon/1182197.png
Badge of Wodan,,700000.0,2025-07-09,https://api-static.msu.io/itemimages/icon/1182195.png
Railroad Engineer Chair,,700000.0,2025-07-09,https://api-static.msu.io/itemimages/icon/3015050.png
Raven Horn Chaser Armor,,710221.0,2025-07-09,https://api-static.msu.io/itemimages/icon/1052317.png
Horntail Necklace,,718580.0,2025-07-09,https://api-static.msu.io/itemimages/icon/1122000.png
Zakum's Poisonic Dagger,,719988.0,2025-07-09,https://api-static.msu.io/itemimages/icon/1332257.png
Red Hood Bandana,,719999.0,2025-07-09,https://api-static.msu.io/itemimages/icon/1001066.png
Zakum's Poisonic Crossbow,,728887.0,2025-07-09,https://api-static.msu.io/itemimages/icon/1462222.png
Wrist Armor,,729999.0,2025-07-09,https://api-static.msu.io/itemimages/icon/1352902.png
Chaos Von Bon Helmet,,730000.0000000001,2025-07-09,https://api-static.msu.io/itemimages/icon/1003720.png
Heart Kitty Fishing Rod,,733333.0,2025-07-09,https://api-static.msu.io/itemimages/icon/1103589.png
Stone of Eternal Life,,735666.0,2025-07-09,https://api-static.msu.io/itemimages/icon/1162009.png
Sharp Arrows for Crossbow,,740000.0,2025-07-09,https://api-static.msu.io/itemimages/icon/3151004.png
Chaos Queen's Tiara,,745000.0,2025-07-09,https://api-static.msu.io/itemimages/icon/1003721.png
Meow Candy Shoes,,747999.9999999999,2025-07-09,https://api-static.msu.io/itemimages/icon/1073706.png
Giant Rooster,,750000.0,2025-07-09,https://api-static.msu.io/itemimages/icon/3140063.png
Glory Guard Cape,,754000.0,2025-07-09,https://api-static.msu.io/itemimages/icon/1103209.png
Evolving Death Sender Charm,,760000.0,2025-07-09,https://api-static.msu.io/itemimages/icon/1352293.png
Falcon Wing Sentinel Boots,,760000.0,2025-07-09,https://api-static.msu.io/itemimages/icon/1072487.png
Tobi Throwing Stars,,769999.0,2025-07-09,https://api-static.msu.io/itemimages/icon/3152004.png
Chicky Pile,,770000.0,2025-07-09,https://api-static.msu.io/itemimages/icon/1102574.png
Yeti Stylish Cap,,774000.0,2025-07-09,https://api-static.msu.io/itemimages/icon/1005431.png
Royal Von Leon Warrior Suit,,774000.0,2025-07-09,https://api-static.msu.io/itemimages/icon/1052804.png
Lionheart Battle Helm,,780000.0,2025-07-09,https://api-static.msu.io/itemimages/icon/1003172.png
Evolving Wrist Armor,,780000.0,2025-07-09,https://api-static.msu.io/itemimages/icon/1352903.png
Evolving Blasted Feather,,780000.0,2025-07-09,https://api-static.msu.io/itemimages/icon/1352263.png
Baby Chick Label Ring,,780000.0,2025-07-09,https://api-static.msu.io/itemimages/icon/1115152.png
Royal Von Leon Mage Suit,,789900.0,2025-07-09,https://api-static.msu.io/itemimages/icon/1052805.png
Dea Sidus Earring,,790000.0,2025-07-09,https://api-static.msu.io/itemimages/icon/1032241.png
Chaos Pierre Hat,,798000.0,2025-07-09,https://api-static.msu.io/itemimages/icon/1003719.png
Zakum Helmet,,798886.0,2025-07-09,https://api-static.msu.io/itemimages/icon/1002357.png
Royal Von Leon Skipper Cape,,799999.0,2025-07-09,https://api-static.msu.io/itemimages/icon/1102717.png
Evolving Virtues Medal,,799999.0,2025-07-09,https://api-static.msu.io/itemimages/icon/1352203.png
Ifia's Necklace,,799999.9999999999,2025-07-09,https://api-static.msu.io/itemimages/icon/1122274.png
Falcon Wing Sentinel Cape,,799999.9999999999,2025-07-09,https://api-static.msu.io/itemimages/icon/1102277.png
Unchained Sentinel Suit,,809000.0,2025-07-09,https://api-static.msu.io/itemimages/icon/1054173.png
Virtues Medallion,,810000.0,2025-07-09,https://api-static.msu.io/itemimages/icon/1352202.png
Unchained Chaser Suit,,818888.0,2025-07-09,https://api-static.msu.io/itemimages/icon/1054174.png
Royal Von Leon Mage Cape,,819999.0,2025-07-09,https://api-static.msu.io/itemimages/icon/1102714.png
Berserk Chain,,821000.0,2025-07-09,https://api-static.msu.io/itemimages/icon/1352222.png
Unchained Sentinel Helm,,845000.0,2025-07-09,https://api-static.msu.io/itemimages/icon/1006516.png
Raven Horn Chaser Gloves,,849000.0,2025-07-09,https://api-static.msu.io/itemimages/icon/1082298.png
Lionheart Battle Mail,,850000.0,2025-07-09,https://api-static.msu.io/itemimages/icon/1052314.png
Unchained Chaser Boots,,860000.0,2025-07-09,https://api-static.msu.io/itemimages/icon/1073922.png
Balrog's Fur Shoes,,860000.0,2025-07-09,https://api-static.msu.io/itemimages/icon/1072376.png
Balrog's Leather Shoes,,865555.0,2025-07-09,https://api-static.msu.io/itemimages/icon/1072375.png
Unchained Chaser Helm,,865555.0,2025-07-09,https://api-static.msu.io/itemimages/icon/1006517.png
Starglimmer Cape,,869999.9999999999,2025-07-09,https://api-static.msu.io/itemimages/icon/1103410.png
Unchained Sentinel Boots,,888000.0,2025-07-09,https://api-static.msu.io/itemimages/icon/1073921.png
Necromancer Magician Gloves,,888664.0,2025-07-09,https://api-static.msu.io/itemimages/icon/1082594.png
Glory Guard Uniform,,888888.0,2025-07-09,https://api-static.msu.io/itemimages/icon/1053463.png
Badge of Chiu,,888888.0,2025-07-09,https://api-static.msu.io/itemimages/icon/1182194.png
Unchained Chaser Hands,,899500.0,2025-07-09,https://api-static.msu.io/itemimages/icon/1082808.png
Unchained Sentinel Hands,,899999.0,2025-07-09,https://api-static.msu.io/itemimages/icon/1082807.png
Steely Throwing Knives,,910000.0,2025-07-09,https://api-static.msu.io/itemimages/icon/3152005.png
Royal Von Leon Mage Hands,,911111.0,2025-07-09,https://api-static.msu.io/itemimages/icon/1082614.png
Will o' the Wisps,,924444.0,2025-07-09,https://api-static.msu.io/itemimages/icon/1032136.png
Evolving Berserk Chain,,928888.0,2025-07-09,https://api-static.msu.io/itemimages/icon/1352223.png
Mechanator Pendant,,933999.0,2025-07-09,https://api-static.msu.io/itemimages/icon/1122254.png
Chief Hat,,944444.0,2025-07-09,https://api-static.msu.io/itemimages/icon/1000020.png
Shark Tooth Skipper Cape,,945000.0,2025-07-09,https://api-static.msu.io/itemimages/icon/1102279.png
Raven Horn Chaser Boots,,949000.0,2025-07-09,https://api-static.msu.io/itemimages/icon/1072488.png
Meow Candy Star Tail,,949000.0,2025-07-09,https://api-static.msu.io/itemimages/icon/1103534.png
Heart Kitty Outfit,,960000.0,2025-07-09,https://api-static.msu.io/itemimages/icon/1053992.png
Bullets,,960000.0,2025-07-09,https://api-static.msu.io/itemimages/icon/3153000.png
Manji Outfit,,968888.0,2025-07-09,https://api-static.msu.io/itemimages/icon/1050591.png
Unchained Warrior Boots,,970000.0,2025-07-09,https://api-static.msu.io/itemimages/icon/1073919.png
Meow Candy Chaser,,980000.0,2025-07-09,https://api-static.msu.io/itemimages/icon/1051747.png
Unchained Skipper Helm,,988777.0,2025-07-09,https://api-static.msu.io/itemimages/icon/1006518.png
Chief Chair,,988886.0,2025-07-09,https://api-static.msu.io/itemimages/icon/3010129.png
Unchained Warrior Suit,,988888.0,2025-07-09,https://api-static.msu.io/itemimages/icon/1054171.png
Unchained Skipper Boots,,990000.0,2025-07-09,https://api-static.msu.io/itemimages/icon/1073923.png
Unchained Warrior Helm,,990000.0,2025-07-09,https://api-static.msu.io/itemimages/icon/1006514.png
Sharp Arrows for Bow,,999999.0,2025-07-09,https://api-static.msu.io/itemimages/icon/3150004.png
Unchained Warrior Hands,,999999.0,2025-07-09,https://api-static.msu.io/itemimages/icon/1082805.png
Ifia's Ring,,1000000.0,2025-07-09,https://api-static.msu.io/itemimages/icon/1113089.png
Dragon Tail Mage Sallet,,1000000.0,2025-07-09,https://api-static.msu.io/itemimages/icon/1003173.png
Shark Tooth Skipper Boots,,1100000.0,2025-07-09,https://api-static.msu.io/itemimages/icon/1072489.png
Zakum's Poisonic Staff,,1119999.0,2025-07-09,https://api-static.msu.io/itemimages/icon/1382242.png
Zakum's Poisonic Wand,,1148888.0,2025-07-09,https://api-static.msu.io/itemimages/icon/1372204.png
Glory Guard Hat,,1150000.0,2025-07-09,https://api-static.msu.io/itemimages/icon/1005392.png
Chaos Vellum's Helm,,1150000.0,2025-07-09,https://api-static.msu.io/itemimages/icon/1003722.png
Dragon Tail Mage Robe,,1169000.0,2025-07-09,https://api-static.msu.io/itemimages/icon/1052315.png
Unchained Skipper Suit,,1180000.0,2025-07-09,https://api-static.msu.io/itemimages/icon/1054175.png
Meow Candy Hat,,1190000.0,2025-07-09,https://api-static.msu.io/itemimages/icon/1006131.png
Unchained Skipper Hands,,1199708.0,2025-07-09,https://api-static.msu.io/itemimages/icon/1082809.png
Lionheart Battle Boots,,1199999.0,2025-07-09,https://api-static.msu.io/itemimages/icon/1072485.png
Lionheart Battle Cape,,1199999.0,2025-07-09,https://api-static.msu.io/itemimages/icon/1102275.png
Lotus's Black Wing Shoes,,1200000.0,2025-07-09,https://api-static.msu.io/itemimages/icon/1072783.png
Blade Rifle,,1228999.0,2025-07-09,https://api-static.msu.io/itemimages/icon/1703482.png
Hwabi Throwing Stars,,1230000.0,2025-07-09,https://api-static.msu.io/itemimages/icon/3152007.png
Shark Tooth Skipper Shoulder,,1249000.0,2025-07-09,https://api-static.msu.io/itemimages/icon/1152113.png
Dragon Tail Mage Shoes,,1255000.0,2025-07-09,https://api-static.msu.io/itemimages/icon/1072486.png
Raven Horn Chaser Shoulder,,1280000.0,2025-07-09,https://api-static.msu.io/itemimages/icon/1152112.png
Shark Tooth Skipper Gloves,,1288887.9999999998,2025-07-09,https://api-static.msu.io/itemimages/icon/1082299.png
Enraged Zakum Belt,,1299777.0,2025-07-09,https://api-static.msu.io/itemimages/icon/1132296.png
Raven Horn Chaser Cap,,1299999.0,2025-07-09,https://api-static.msu.io/itemimages/icon/1102278.png
Falcon Wing Sentinel Shoulder,,1299999.0,2025-07-09,https://api-static.msu.io/itemimages/icon/1152111.png
Lionheart Battle Shoulder,,1310000.0,2025-07-09,https://api-static.msu.io/itemimages/icon/1152108.png
True Shot,,1399999.0,2025-07-09,https://api-static.msu.io/itemimages/icon/1352272.png
Split Bullets,,1400000.0,2025-07-09,https://api-static.msu.io/itemimages/icon/3153001.png
Glory Guard Mount,,1400000.0,2025-07-09,https://api-static.msu.io/itemimages/icon/3140254.png
Dragon Tail Mage Cape,,1448999.9999999998,2025-07-09,https://api-static.msu.io/itemimages/icon/1102276.png
Unchained Mage Hands,,1450000.0,2025-07-09,https://api-static.msu.io/itemimages/icon/1082806.png
Chaos Horntail Necklace,,1465554.9999999998,2025-07-09,https://api-static.msu.io/itemimages/icon/1122076.png
Ilbi Throwing Stars,,1490000.0,2025-07-09,https://api-static.msu.io/itemimages/icon/3152006.png
Pink Girl School Uniform,,1490000.0,2025-07-09,https://api-static.msu.io/itemimages/icon/1051398.png
Evolving True Shot,,1519999.0,2025-07-09,https://api-static.msu.io/itemimages/icon/1352273.png
Lionheart Battle Bracers,,1540000.0,2025-07-09,https://api-static.msu.io/itemimages/icon/1082295.png
Unchained Mage Suit,,1550000.0,2025-07-09,https://api-static.msu.io/itemimages/icon/1054172.png
Dragon Tail Mage Gloves,,1588888.0,2025-07-09,https://api-static.msu.io/itemimages/icon/1082296.png
Cheerful School Uniform B,,1660000.0,2025-07-09,https://api-static.msu.io/itemimages/icon/1051400.png
Black Bean Mark,,1690000.0,2025-07-09,https://api-static.msu.io/itemimages/icon/1022232.png
Mighty Bullets,,1750000.0,2025-07-09,https://api-static.msu.io/itemimages/icon/3153002.png
Zakum's Poisonic Gun,,1790000.0,2025-07-09,https://api-static.msu.io/itemimages/icon/1492209.png
Metallic Blue Book <Epode>,,1799500.0,2025-07-09,https://api-static.msu.io/itemimages/icon/1352243.png
Evolving Metallic Blue Book,,1799500.0,2025-07-09,https://api-static.msu.io/itemimages/icon/1352243.png
Royal Black Metal Shoulder,,1844444.0,2025-07-09,https://api-static.msu.io/itemimages/icon/1152170.png
Nostalgic Luxury School Uniform B,,1850000.0,2025-07-09,https://api-static.msu.io/itemimages/icon/1051402.png
Dragon Tail Mage Shoulder,,1856000.0,2025-07-09,https://api-static.msu.io/itemimages/icon/1152110.png
Rusty Book <Epode>,,1877555.0,2025-07-09,https://api-static.msu.io/itemimages/icon/1352232.png
Golden Clover Belt,,1879998.0,2025-07-09,https://api-static.msu.io/itemimages/icon/1132272.png
Infinite Throwing Knives,,1888888.0,2025-07-09,https://api-static.msu.io/itemimages/icon/3152012.png
Unchained Magician Helm,,1890000.0,2025-07-09,https://api-static.msu.io/itemimages/icon/1006515.png
Modest School Uniform B,,1900000.0,2025-07-09,https://api-static.msu.io/itemimages/icon/1051397.png
Modest School Uniform A,,1900000.0,2025-07-09,https://api-static.msu.io/itemimages/icon/1050327.png
Glaze Capsule,,1939000.0,2025-07-09,https://api-static.msu.io/itemimages/icon/3153008.png
Brown Ankle Boots,,1980000.0,2025-07-09,https://api-static.msu.io/itemimages/icon/1072478.png
Commander Lotus Mask,,1988888.0,2025-07-09,https://api-static.msu.io/itemimages/icon/1004140.png
Blaze Capsule,,1988888.0,2025-07-09,https://api-static.msu.io/itemimages/icon/3153007.png
Titanium Arrows for Crossbow,,1990000.0,2025-07-09,https://api-static.msu.io/itemimages/icon/3151005.png
Evolving Rusty Book,,1999806.0,2025-07-09,https://api-static.msu.io/itemimages/icon/1352233.png
Natural School Uniform A,,1999999.0,2025-07-09,https://api-static.msu.io/itemimages/icon/1050326.png
Hilla & Magnus Chair,,2000000.0,2025-07-09,https://api-static.msu.io/itemimages/icon/3015118.png
Sacred Rosary,,2000000.0,2025-07-09,https://api-static.msu.io/itemimages/icon/1352212.png
Confident Luxury School Uniform B,,2000000.0,2025-07-09,https://api-static.msu.io/itemimages/icon/1051403.png
Mercury Sword,,2000000.0,2025-07-09,https://api-static.msu.io/itemimages/icon/1702150.png
Neophyte Shoulders,,2100000.0,2025-07-09,https://api-static.msu.io/itemimages/icon/1152223.png
Vital Bullets,,2150000.0,2025-07-09,https://api-static.msu.io/itemimages/icon/3153003.png
Evolving Sacred Rosary,,2188000.0,2025-07-09,https://api-static.msu.io/itemimages/icon/1352213.png
Damien's Eyepatch,,2190000.0,2025-07-09,https://api-static.msu.io/itemimages/icon/1022244.png
Neophyte Earrings,,2190000.0,2025-07-09,https://api-static.msu.io/itemimages/icon/1032339.png
Natural School Uniform B,,2270000.0,2025-07-09,https://api-static.msu.io/itemimages/icon/1051396.png
Neophyte Eye Accessory,,2300000.0,2025-07-09,https://api-static.msu.io/itemimages/icon/1022334.png
Cape Uniform Shoes A,,2321111.0,2025-07-09,https://api-static.msu.io/itemimages/icon/1071197.png
Dominator Pendant,,2384680.0,2025-07-09,https://api-static.msu.io/itemimages/icon/1122150.png
Unchained Magician Boots,,2400000.0,2025-07-09,https://api-static.msu.io/itemimages/icon/1073920.png
Silver Blossom Ring,,2429999.0,2025-07-09,https://api-static.msu.io/itemimages/icon/1113149.png
Classy School Uniform B,,2444444.0000000005,2025-07-09,https://api-static.msu.io/itemimages/icon/1051395.png
Crystal Ventus Badge,,2478000.0000000005,2025-07-09,https://api-static.msu.io/itemimages/icon/1182087.png
Mihile's Best Friend,,2498000.0,2025-07-09,https://api-static.msu.io/itemimages/icon/3010873.png
Heroes Damien Label Ring,,2500000.0,2025-07-09,https://api-static.msu.io/itemimages/icon/1115108.png
Athena Pierce's Class,,2600000.0,2025-07-09,https://api-static.msu.io/itemimages/icon/3015115.png
Prim School Uniform A,,2600000.0,2025-07-09,https://api-static.msu.io/itemimages/icon/1050324.png
Black Wing Master's Hat,,2800000.0,2025-07-09,https://api-static.msu.io/itemimages/icon/1003763.png
Cheerful School Uniform A,,2888888.0,2025-07-09,https://api-static.msu.io/itemimages/icon/1050330.png
Neophyte Belt,,2899998.0,2025-07-09,https://api-static.msu.io/itemimages/icon/1132324.png
Neophyte Mark,,2900000.0,2025-07-09,https://api-static.msu.io/itemimages/icon/1012825.png
Neophyte Cloak,,2965000.0,2025-07-09,https://api-static.msu.io/itemimages/icon/1103691.png
Titanium Arrows for Bow,,2990000.0000000005,2025-07-09,https://api-static.msu.io/itemimages/icon/3150005.png
Confident Luxury School Uniform A,,2999999.0,2025-07-09,https://api-static.msu.io/itemimages/icon/1050333.png
Francis' Best Friend,,3000000.0,2025-07-09,https://api-static.msu.io/itemimages/icon/3010875.png
Pink Dude School Uniform,,3000000.0,2025-07-09,https://api-static.msu.io/itemimages/icon/1050328.png
Cape Uniform Shoes B,,3000000.0,2025-07-09,https://api-static.msu.io/itemimages/icon/1070181.png
Nostalgic Luxury School Uniform A,,3157894.0,2025-07-09,https://api-static.msu.io/itemimages/icon/1050332.png
Oz's Best Friend,,3199999.9999999995,2025-07-09,https://api-static.msu.io/itemimages/icon/3010869.png
Funky School Uniform B,,3300000.0,2025-07-09,https://api-static.msu.io/itemimages/icon/1051399.png
Outsized Sailor Coat (White & Red),,3333333.0,2025-07-09,https://api-static.msu.io/itemimages/icon/1053389.png
Shiny Bullets,,3333333.0,2025-07-09,https://api-static.msu.io/itemimages/icon/3153004.png
Red Caped Uniform,,3388888.0000000005,2025-07-09,https://api-static.msu.io/itemimages/icon/1051822.png
Heroes Damien Chat Ring,,3400000.0,2025-07-09,https://api-static.msu.io/itemimages/icon/1115019.png
Condensed Power Crystal,,3489000.0,2025-07-09,https://api-static.msu.io/itemimages/icon/1012478.png
Classy School Uniform A,,3500000.0,2025-07-09,https://api-static.msu.io/itemimages/icon/1050325.png
Commander Damien Mask,,3655555.0,2025-07-09,https://api-static.msu.io/itemimages/icon/1004141.png
Lilin's Best Friend,,3666666.0,2025-07-09,https://api-static.msu.io/itemimages/icon/3015116.png
Lotus's Black Wings Uniform,,3666666.0,2025-07-09,https://api-static.msu.io/itemimages/icon/1052576.png
Trench Coat,,3750000.0,2025-07-09,https://api-static.msu.io/itemimages/icon/1052309.png
Aquatic Letter Eye Accessory,,3888000.0,2025-07-09,https://api-static.msu.io/itemimages/icon/1022231.png
Neophyte Pendant,,3899999.0,2025-07-09,https://api-static.msu.io/itemimages/icon/1122446.png
Orchid's Best Friend,,3900000.0,2025-07-09,https://api-static.msu.io/itemimages/icon/3010874.png
Slashing Shadow,,4059999.0,2025-07-09,https://api-static.msu.io/itemimages/icon/1352283.png
Pink Holy Cup,,4078888.0,2025-07-09,https://api-static.msu.io/itemimages/icon/1162025.png
Evolving Slashing Shadow,,4100000.0,2025-07-09,https://api-static.msu.io/itemimages/icon/1352283.png
White Gold Book <Epode>,,4100000.0,2025-07-09,https://api-static.msu.io/itemimages/icon/1352252.png
Cygnus' Best Friend,,4500000.0,2025-07-09,https://api-static.msu.io/itemimages/icon/3010867.png
Flame Throwing Stars,,4699999.0,2025-07-09,https://api-static.msu.io/itemimages/icon/3152011.png
Prim School Uniform B,,5000000.0,2025-07-09,https://api-static.msu.io/itemimages/icon/1051394.png
Pale Student Teacher's Lecture,,5300000.0,2025-07-09,https://api-static.msu.io/itemimages/icon/3015117.png
Evolving White Gold Book,,5555555.0,2025-07-09,https://api-static.msu.io/itemimages/icon/1352253.png
Bold Luxury School Uniform A,,5555555.0,2025-07-09,https://api-static.msu.io/itemimages/icon/1050331.png
Eternal Bullets,,5599999.0,2025-07-09,https://api-static.msu.io/itemimages/icon/3153005.png
Giant Bullets,,5966000.0,2025-07-09,https://api-static.msu.io/itemimages/icon/3153006.png
Falcon Eye,,5999998.0,2025-07-09,https://api-static.msu.io/itemimages/icon/1352912.png
Evolving Falcon Eye,,6100000.0,2025-07-09,https://api-static.msu.io/itemimages/icon/1352913.png
Irena's Best Friend,,6666666.0,2025-07-09,https://api-static.msu.io/itemimages/icon/3010870.png
Noble Ifia's Ring,,6700000.0,2025-07-09,https://api-static.msu.io/itemimages/icon/1113282.png
Neckerchief Fascinator (Navy),,8888888.0,2025-07-09,https://api-static.msu.io/itemimages/icon/1005284.png
Eckhart's Best Friend,,9000000.0,2025-07-09,https://api-static.msu.io/itemimages/icon/3010871.png
Glory Guard Ceremonial Sword,,9999999.0,2025-07-09,https://api-static.msu.io/itemimages/icon/1702942.png
Hawkeye's Best Friend,,10000000.0,2025-07-09,https://api-static.msu.io/itemimages/icon/3010872.png
Bold Luxury School Uniform B,,10000000.0,2025-07-09,https://api-static.msu.io/itemimages/icon/1051401.png
Papulatus Mark,,10888888.0,2025-07-09,https://api-static.msu.io/itemimages/icon/1022277.png
Silver Maple Leaf Emblem,,11990000.0,2025-07-09,https://api-static.msu.io/itemimages/icon/1190300.png
Seven Days Badge,,14000000.0,2025-07-09,https://api-static.msu.io/itemimages/icon/1182200.png
Gold Maple Leaf Emblem,,14000000.0,2025-07-09,https://api-static.msu.io/itemimages/icon/1190301.png
Funky School Uniform A,,23999999.0,2025-07-09,https://api-static.msu.io/itemimages/icon/1050329.png
Neophyte Ring,,24200000.0,2025-07-09,https://api-static.msu.io/itemimages/icon/1113334.png
Neckerchief Fascinator (Red),,25000000.0,2025-07-09,https://api-static.msu.io/itemimages/icon/1005286.png
Liberated Kaiserium,,40000000.0,2025-07-09,https://api-static.msu.io/itemimages/icon/1402180.png
Blue Caped Uniform,,,2025-07-09,
Brown Hunting Cap,,,2025-07-09,
Cape Mark Beret,,,2025-07-09,
Cape Ribbon Beret,,,2025-07-09,
Meow Candy Hunter,,,2025-07-09,
Neinheart's Best Friend,,,2025-07-09,
Outsized Sailor Coat (Navy & White),,,2025-07-09,
Premium Floral Print Pants,,,2025-07-09,
Premium Floral Print Top,,,2025-07-09,
Suitcase,,,2025-07-09,
Veamoth Mask,,,2025-07-09,
